uid,likes,comments,followers
B-A-bW9l1Gm,601,43,6715
B-A4q2_HbZM,10465,67,478848
B-A67qNleZJ,269,2,1730
B-AaOGUhKbv,9070,164,223818
B-ACyP7JemN,3398,32,124287
B-Ar4y3hXX2,1208,33,17787
B-ASlahg9zU,162,2,3022
B-B8_genQ5d,1120,16,1675
B-BLgewFUOI,751,10,6516
B-C_bHslo-m,188,11,11321
B-C_ds9DGxO,825,14,11596
B-C_enWjDWB,4045,97,371934
B-C_m60qOuL,622,29,44189
B-C_QAwJUrq,297,30,6802
B-C_uopAtqP,184,10,2194
B-C_zFbBGvF,230,4,1396
B-C_zNcFYag,295,21,67187
B-C-aF_hXgb,675,13,8598
B-C-LdajPRJ,545,21,36487
B-C-PMEHlPE,140,5,1663
B-C-VrjF7Q4,606,15,19505
B-C14F9JAf6,199,10,4360
B-C1chPAqKP,172,2,217353
B-C1p1NB_Xg,1182,44,77955
B-C1xaIHl8_,299,12,8917
B-C1ZlPKUUq,145,2,9532
B-C2-EChFKs,894,13,27937
B-C3HkFpgu_,1925,67,86409
B-C3l3PoFnO,682,5,7767
B-C3TwmABpi,127,15,812
B-C5AXzgSvO,525,54,24647
B-C5hllJ8gs,457,71,4490
B-C640ipW5d,502,12,78256
B-C64y9nf_K,1406,7,1225
B-C6Ai_FoGN,5549,47,357777
B-C6mtalb0j,352,97,6070
B-C7-xyFBf7,1102,17,82046
B-C7nt5ooGx,364,23,2788
B-C7RtrJTXP,2082,51,82463
B-C8btel5ws,242,2,106323
B-C8H70BTT7,259,36,3457
B-C8NHeHWPt,1083,7,921281
B-C8tjRlqOh,918,7,3643
B-C8VTxJQdJ,537,7,5873
B-C9dm8qa3B,409,56,6480
B-C9ivBJt70,397,19,33530
B-C9urlITmW,194,19,2555
B-CaBWvB1OZ,5662,39,122213
B-CaHtghbbC,668,12,14671
B-CAsrnDxtf,20389,633,442689
B-CATSrq45S,272,60,1192
B-Cb1q_hGsk,3546,27,167233
B-CboFKHYlX,9393,143,286737
B-Ccv2tCC4z,386,2,741
B-CcwUnpYL2,2283,17,27766
B-CFfY9A2uC,647,5,13740
B-CiHXkFR0b,326,5,16101
B-CiPcgplqL,1039,34,41034
B-Cjv6TBVui,612,13,82252
B-CjVsygjj6,2047,19,331403
B-Cl00gA3Kb,2166,13,144637
B-CL21ajSyW,112,7,501
B-CNhPdpZHU,497,3,92813
B-COH6PBWVj,3529,24,85653
B-CosAwHCaB,15798,193,428796
B-CphMEB0ul,552,6,7102
B-CPT9fAoYK,1243,14,20577
B-CqaU6hFBh,3599,42,40185
B-CRmhVBOX0,3184,15,94797
B-Cro_ABW1Y,459,12,1991
B-CrznsHx32,29226,239,1051561
B-CS3ZrgLlr,856,21,1626
B-CsaSOhu2X,5673,69,202606
B-CSfscpxRK,678,16,11112
B-CSg1upGsg,523,22,11112
B-CSha0JEan,731,20,11112
B-Ctg2ChGUe,169,20,2090
B-CvK2Cldjw,11644,230,22273
B-CvmpLjnFA,1808,95,11165
B-CvUIDFXTW,137,4,2384
B-Cw11LBNmb,338,14,3436
B-Cw5rvHTo_,356,20,7363
B-CwDC9nkyv,262,6,2307
B-CwS2OBuJE,221,10,6795
B-Cy8n4puNY,4034,73,244412
B-CyTRPpTE9,446,12,3030
B-CYW_pBYMu,7033,31,143987
B-CyWdupX7-,291,9,3030
B-CyXoUJ77E,1928,39,184531
B-D6YZSFxkx,503,2,5124
B-D9ApYBvYT,891,82,16693
B-DA3SmACx1,860,15,27254
B-DAN10FuoV,138,0,771
B-DB7ZWAeS-,196,2,2802
B-DBLXFArIp,160,12,4183
B-DBm4BgkWL,533,26,14633
B-DBOe6nHdI,897,21,12724
B-DBrljgRtP,775,4,34581
B-DBvDWANr0,233,1,2802
B-DBxVgDicy,366,15,11586
B-DCHrRBbJV,467,20,4027
B-DCydpD64P,236,26,1295
B-DCZLDnose,229,10,1356
B-DD3hfA-2R,295,31,673
B-DDcJoCZyK,244,2,3123
B-DDf5JJItZ,1108,16,343192
B-DDKgjHAmI,315,24,8611
B-DDLzPAWof,117,4,3747
B-DDXecIVCf,217,15,2567
B-DEdB1olyk,182,0,4279
B-DEQ_YA9Pp,243,7,8801
B-DET--Hi22,471,19,9348
B-DEUCqh_op,122,39,2775
B-DEyfVhzSz,227,11,2057
B-DFPj2lzo4,989,16,53196
B-DGoUODoGL,610,29,77531
B-DJEiFIv0b,1416,12,29004
B-Dlk_lp3n7,1039,41,21062
B-DN7VrAI_N,745,13,3022
B-DVJmSAwO0,5110,31,159799
B-DWqesI2L6,45656,1104,872044
B-Dx_aVpLIc,266,9,5248
B-E_edFKArb,435,6,8470
B-E_VtmlOUH,330,38,6729
B-E-IKcAW_4,309,8,21499
B-E17onFfTt,192,8,4422
B-E2TMPgqSH,2295,44,52239
B-E3OcLh_zB,5436,40,122418
B-E4A02gt6d,1372,17,20611
B-E7fBEpA8q,385,126,13890
B-Efxu3BTI5,680,12,31662
B-Eg3Hthua9,266,10,3414
B-EhSKvCR2h,203,5,2632
B-Ekx-SAjsq,410,3,2160
B-EpzaXgM74,2416,72,126472
B-ET63vjLb0,828,49,4147
B-EvDOzghLg,2289,18,38992
B-EwQROAbOD,135,3,2721
B-EXAj5nT4p,319,5,10106
B-ExKffgCuX,2924,17,78467
B-Fa77JHTyh,439,11,33798
B-FaB3ag3dU,1709,25,62641
B-FaEQSj5Xy,377,8,10267
B-FaFmZqjAv,355,10,10015
B-FapVHKwK7,244,6,2604
B-FaqnkFBrl,129,6,9040
B-FaR2RAwE7,306,20,40050
B-FaRMgqI7n,152,21,2452
B-FavdnlkQU,161,25,10039
B-FaXfUFkmx,470,24,1819
B-Fb3CvHcvn,1213,26,134554
B-Fb80PlHbB,157,10,1649
B-FbeFbgmSe,794,4,1716
B-FbHV4gQ9Z,221,6,1651
B-FbI-7Fl30,282,12,5818
B-FbLOZJz7o,1166,19,93669
B-Fbqiyj2E2,558,14,24033
B-FbVVcpL9r,242,13,93669
B-FbY-hpm94,693,55,44223
B-FbzFjlms0,219,3,20430
B-Fc-CFJIzg,153,9,3641
B-Fc1Efg9aE,214,7,1943
B-Fc3TbDXl8,1088,20,254256
B-Fc4lKpx1y,148,8,5067
B-Fc57WHCPC,1417,486,166988
B-FcBl_HD8q,190,4,2810
B-Fce4elZBp,229,0,678
B-FcfkUlrXl,195,18,1107
B-FckH4ABx1,247,1,15082
B-Fcn8Ml6Gq,145,11,781
B-FcNA0qIpy,31968,477,1008265
B-FcNeBpTZg,460,14,902
B-FcP1sA7QP,621,12,14164
B-Fcr26JqiH,121,10,936
B-FcrqVDmOf,863,8,7634
B-FcUV6KFPG,290,44,14867
B-FcvhhjNB_,385,53,7789
B-FcYygo_Ns,137,3,2547
B-Fd_zVAMMf,2904,117,350941
B-Fd2vfHNxB,218,9,1852
B-Fd4spi1GM,260,21,4076
B-Fd4vhJMSs,2923,228,48163
B-Fd5xPJkTR,324,12,4697
B-Fd7BfKP4d,404,64,30685
B-Fd8-xJmnw,1293,14,5854
B-Fd8O0Jl_Z,285,5,1612
B-Fd94dKiP9,227,3,3268
B-Fdc1uAmDQ,360,28,2527
B-FdCCynXke,11934,320,227016
B-FDG5UAJl3,1452,17,23495
B-Fdhh4AEHV,320,14,41537
B-FdHwHHzh4,368,11,13160
B-FDiIWls2W,10061,110,358016
B-FdISpHtvd,375,20,4267
B-FdJGLJv7k,1320,53,236789
B-FdjxTAc2o,605,4,3303
B-Fdl2AIp_6,1458,25,142849
B-FdNayDB1Z,212,23,34501
B-FdOM8FYSu,212,4,1338
B-FdRFrAGJH,554,12,36869
B-FDtmchw-b,614,8,61196
B-Fdw7jBs92,260,10,531
B-FdXCniZd-,1406,19,27165
B-FdYgAAUIY,225,25,10987
B-FdZU-KNI7,151,4,800
B-Fe03cAIXK,386,27,2665
B-Fe1LkH-vb,491,3,169325
B-Fe5rQHKw8,137,32,1735
B-Fe6YUJxDt,1345,16,127420
B-Fe9wvJkfQ,317,44,7302
B-FeAzHJcoj,130,10,1764
B-FeBsUjRLZ,183,8,34206
B-Fec3dDKmL,1241,37,48925
B-FeCU0IQUH,2768,114,562995
B-FeFCwHFbd,131,6,6591
B-FeGj5ovVU,1872,53,96215
B-FeHE1JcqP,399,37,36135
B-FeHRXp7LF,363,19,6414
B-FehuoI2Y3,1459,93,76423
B-FeHVmlNCg,301,8,991
B-FeiA9J8UV,703,21,69083
B-FeILMJ0xT,418,8,4006
B-Fel92F7A4,295,12,6238
B-Fen8zpFp7,1599,19,536137
B-FennJFiAU,2205,63,76159
B-FEoA1hAVg,674,46,3447
B-FeqaUghBc,1281,48,47184
B-FeTbvDXPS,4681,22,580336
B-FetgMlkHa,347,15,1816
B-FeUL9Dl-c,262,36,15394
B-Fez3yADVb,4046,102,398142
B-FF40igixV,492,22,44401
B-FfAt2B_0X,189,18,2381
B-FfcmfHnPh,268,84,45325
B-FfDPsB6I6,2451,159,254034
B-Ffe9dn_MJ,865,71,77961
B-FfeOZqY1H,1608,12,13290
B-Fff3sqHf0,274,15,8642
B-FfF9KFpOU,419,14,186826
B-FFGpbpgaL,193,3,2280
B-FfGYbKo9H,3344,21,279357
B-FfjbJF1He,221,11,3701
B-FfjpYjPtk,375,58,10473
B-FfjWaCyNy,530,17,13028
B-FfmCQFYgC,5467,179,197319
B-FfNbFjCF6,1663,32,154172
B-FFnd7hFiX,901,15,25297
B-FfNNUD5bl,856,6,12273
B-FfSbHHN51,563,26,43966
B-FfSs7H8Ac,296,16,10410
B-Fft7BnK_F,1596,168,290687
B-FfwrnnfXt,178,9,1888
B-Ffxb7g7PS,148,4,1320
B-FfY9dBy60,420,2,197527
B-Fg_zRoXKV,147,11,4727
B-Fg6jrgb4g,240,13,42391
B-FgbjAIeDl,310,5,8347
B-FgbR5q4qi,455,3,85785
B-FgCLMpbXj,307,5,17976
B-FgcxjFFWJ,231,4,711
B-Fgd2vjZrb,179,3,1931
B-FGdahJy6y,239,2,3769
B-FgdJmJ3Zv,254,3,62568
B-FgeJmpCiK,259,15,93669
B-FGgUOj8MF,10904,206,701327
B-FgiVODVVP,423,14,7314
B-Fglh-JFvV,307,5,4325
B-FgmfunzNv,273,11,8448
B-FgNepgnRS,2143,47,452064
B-FgNLUHCQI,158,0,1228
B-FgOZ1B414,453,24,73348
B-FgPidpiTE,183,4,5613
B-Fgq7uHhmZ,18782,30,265023
B-FgTxPhAlg,1376,82,24660
B-FgwkzHSNf,529,22,48415
B-FgXsiJdSS,1163,31,86546
B-FgXsiJdSS,1317,33,86546
B-FgyeTn_Jq,703,4,17017
B-FgYeUocqr,232,14,58075
B-FgyJcldzR,213,13,3275
B-Fgz91gVJM,919,4,35403
B-Fh_TZn1US,1876,25,946545
B-Fh_X0jZn2,7020,67,586933
B-Fh1qzDm5s,1693,66,139944
B-Fh2hyg1wm,396,8,2039
B-FH4i2onis,371,14,16056
B-Fh4NYDhEM,247,9,34616
B-Fh6-1JjOc,152,0,268044
B-FhB0UgTf7,187,6,8355
B-FhCTHgc7_,4150,35,208237
B-FhdY0DCkI,1217,37,206537
B-FhEHynXt_,447,13,18451
B-FhfkqBTWZ,3354,45,202769
B-FhgeYjH7t,157,9,6702
B-FhHo8JMVq,336,6,99488
B-Fhi3QB4rf,233,4,48281
B-FhijkIlny,188,2,3357
B-FhJQepVq9,282,5,78278
B-FhobVBMdj,450,2,41123
B-FHqGqJlwf,8529,86,233317
B-FhRpvBsUY,3684,149,932818
B-FhSyJA1vV,291,5,1432
B-FhthmoZGM,156,15,13098
B-FhU56FsiL,987,16,159339
B-FhUayngne,224,58,4494
B-FhuIdqEtg,177,8,17734
B-FhXfpoFFI,194,8,634
B-FhxMJI818,759,22,36879
B-FhxPvHAHe,5608,145,113326
B-FhxZ4IXKy,256,19,1182
B-FhY9mF8Cc,1082,105,15588
B-FhZguF0u2,281,90,6259
B-Fi2f6jxHx,1124,25,956820
B-FiDKup2j7,603,7,72217
B-FiFnmo6qI,300,31,6421
B-FiG6jp6wf,327,2,259224
B-Fii-nKquv,229,38,1775
B-FIkm9nAnR,594,160,1726
B-FiMnLl3Ox,748,30,24604
B-FiMpCncHB,1919,17,1010966
B-FiTzBgUfx,336,82,7910
B-FiWsxl9n7,294,9,3492
B-Fj_rBpW6z,1259,46,259641
B-Fj-3toVUP,179,8,34305
B-Fj07JA-kx,255,20,7789
B-Fj1e2lvz0,192,13,14529
B-FjDWPB6Lv,1655,23,18176
B-FJeOfBU9R,1690,107,133540
B-FJkVWDtxa,4076,84,59791
B-FjMNBJhS5,665,15,51814
B-FJTwJHd2g,258,13,2590
B-FKf4KoNNJ,1180,31,19106
B-FKJbrgZJx,1866,68,18652
B-FKnQ_hibL,969,60,11625
B-FkrQWK95v,532,26,55047
B-FMfhpJpKL,238,6,1083
B-FNMZoF2Xq,796,66,13202
B-FNXE4pu6P,4154,87,59390
B-FObWxAzYc,314,46,2038
B-FOLfBFmcG,156,8,4184
B-FPIYTDUXv,1215,9,46827
B-FPOcrpWBd,686,13,6664
B-FPvJ-ACNp,473,46,17024
B-FQF1tK7zu,161,14,1947
B-FQLnSA6VC,292,26,10894
B-FQuDRH9wE,2208,82,216237
B-FRE-eI1aZ,182,6,3505
B-FRg2-AHHm,118,8,777
B-FRslplgC4,918,42,66866
B-FRVDLjpwH,4811,46,445427
B-FRwznB7MH,2207,108,76228
B-FRZlTAAVN,521,50,3445
B-Fsmg8IZbH,842,30,4315
B-FSZGToKc4,348,27,7517
B-FT-sppjGZ,216,25,789
B-FT7NoDvsb,438,24,17131
B-FThFIp98s,3367,25,34495
B-FTMBelIRH,361,7,24168
B-FtQmthlPE,25707,1842,238011
B-FTyYfjjp4,437,35,63957
B-FU6fwp5tK,217,8,3796
B-FUhrSgwrl,955,10,8322
B-FUmVaJ3If,632,27,16473
B-FUNajhufC,778,10,54713
B-FUpAlFczN,330,9,8556
B-FURaOFnj6,6512,110,415719
B-FUtXnlgbT,2593,50,571854
B-FUVLkI0rf,340,72,4103
B-FV1YkBKH9,3132,70,192795
B-FV3lEAxeH,719,11,4796
B-FV8O2HUPm,328,30,11435
B-FVaILjvjM,1108,79,19734
B-FVEylpQ9s,620,12,35559
B-FVjH5HfOZ,1401,27,98217
B-FVlp8BY4Z,3839,19,869541
B-FVq7LDhEQ,2697,30,108189
B-FVsdspgPL,4562,45,585539
B-FVTR-pIGS,2024,16,673295
B-FVuweBC-v,11828,116,224627
B-FVvj3lkf-,3728,40,674982
B-FVX5VBdgL,2244,56,53970
B-FVxeZHR6k,1485,84,834522
B-FWbyviiUh,242,10,6505
B-FWcBmBpC3,142,9,1024
B-FWfY5p9D_,5769,29,155957
B-FWi7QFhAZ,1503,125,2338
B-FWN0sjSnL,344,1,3827
B-FWwOMndDu,201,2,1139
B-FWxv5n91u,671,22,5407
B-FWZ1WHLcS,520,49,1948
B-FX6y-JIpw,413,14,23929
B-FXBfYn_if,240,23,8016
B-FXBN0BWHt,161,11,1383
B-FXcTuoqBg,2477,28,10378
B-FXk23DQFI,5632,160,97128
B-FXnPDlkqE,808,8,15520
B-FXqJshank,119,6,773
B-FXQyDFTVz,16890,469,451766
B-FXRsaJ3Z3,301,12,99507
B-FXWlYpia3,452,26,4595
B-FXX7BhTr5,457,8,29289
B-FY08CHg9k,1004,54,74182
B-FY237HR-S,3742,46,630971
B-FY6mEirTG,131,4,1128
B-FYdBdhmOU,370,19,31569
B-FYOJ7jywL,161,12,4594
B-FYR4PhzJq,1291,26,12299
B-FYsz6ooND,2221,100,111042
B-FZ_3GBAHf,5170,29,167807
B-FZ0_si0Ns,4517,82,192752
B-FZBeVl0aq,205,6,964
B-FZcVypvhI,1169,25,86546
B-FZh6IARRS,151,17,3122
B-FZIyMADkj,650,45,30499
B-FZOB1n_O3,331,19,621
B-FZqf6hYcX,458,13,1401074
B-FZzZIpInf,210,38,2035
B-G-bSmDueG,446,47,14758
B-GEyHRgWnD,633,15,2377
B-GGAZIp5VY,3580,14,124438
B-GHUbNhm05,125,11,2710
B-Go3RBJ63H,506,24,2107
B-GPSSkAfbk,1276,13,19474
B-H_Z-1F4lC,250,38,5685
B-H-ebdg8el,191,6,6261
B-H1IvJnIaA,1361,27,923031
B-H39Qig4zA,1283,42,18923
B-H3e1IJyUd,4012,47,4398
B-H3EFOo0Ga,614,8,1726
B-H4OT2AMSN,138,22,1076
B-H4uBkC4KS,424,14,13028
B-H62UEnV2o,12950,451,288151
B-H6TBMhIWp,1119,45,78030
B-H8Dg4pgcB,2278,29,23908
B-H8G7_Fw0R,6238,56,98728
B-HeQuXHM0n,2715,17,68688
B-HhPQ9DhSF,509,20,2118
B-HkaclhneW,15400,97,194533
B-HlBBBqVdV,277,8,2829
B-HLwe_HmNU,113,2,1220
B-HpDduFrnm,2497,14,141450
B-HQhV9HCNe,348,21,1995
B-HWdyuADtt,214,28,2661
B-Hwm27heNU,4568,26,122732
B-Hxv1llRYv,2048,37,12852
B-HZxD_H0w0,503,12,1345
B-I_F_jA-lG,593,23,121640
B-I_q1WAfsd,124,3,1838
B-I-3WohxOg,126,18,1189
B-I-dtTglHt,14506,157,727931
B-I-QFiHvTa,1684,14,122336
B-I0EzolZ2y,325,11,60945
B-I0mCqgTrQ,443,20,266
B-I0xiJF66U,2620,107,105971
B-I1Ctklld0,243,6,77297
B-I1gDWHQBo,1339,64,264861
B-I2xsjnOzH,221,18,827
B-I3DwgnX0A,371,12,290
B-I3w6Wlyj1,237,21,22184
B-I4bLBlA1S,465,26,319
B-I4PjopJBD,4697,41,583525
B-I4qAhlQoV,398,9,2512
B-I4vyfAIw5,178,22,1675
B-I5_NoDB90,1480,25,445829
B-I5M4Dnl-K,1304,10,33998
B-I5v8dpbOk,170,16,25779
B-I6TdhD-Mf,434,35,93739
B-I6WmJlF2L,237,11,2234
B-I7-hiDfDs,1088,37,240347
B-I77xbHi3u,2080,67,162634
B-I7HN4BTNw,303,14,13705
B-I92RhJzYx,264,4,26922
B-I9MfJFJiL,194,7,3483
B-Ia2m9BIaM,203,27,6563
B-Ia3lvJ0Yc,1969,42,110163
B-Ia4usj_7x,105,3,639
B-IaipgBax3,110,8,6584
B-IaNB3H16K,972,16,6118
B-IapovnwDm,188,5,11498
B-IaTX5lrdL,2334,67,113181
B-IavrhBquc,343,6,8837
B-IbCUuBgPD,1045,30,27463
B-IBdZOjoM1,5641,41,234819
B-IbeDLjM2t,199,4,11361
B-IBiZDliQe,10987,139,361002
B-Ibj6wDD3a,5382,190,104112
B-IBLEIpSFO,2954,35,128451
B-IbSqOomy6,170,9,2629
B-Ibt4hAhOg,122,3,1617
B-IbuFTJeCL,4076,82,24692
B-Ic68WlE9I,687,19,33712
B-IcAeFg3Hj,4703,59,673819
B-ICd1tA3_G,308,64,4424
B-Ich_kDH1q,3068,101,132566
B-IcHemB1ZX,174,20,782
B-IcKS7DW7P,2772,33,183930
B-IcUTphqHK,160,6,2428
B-Id717qQyI,249,7,795
B-IdAO-hg6S,9557,72,289250
B-IdbbeJ3-k,188,1,8466
B-IDbiTA3wO,1022,21,15152
B-IdGh-FG59,277,6,13649
B-Idi-3BUZW,491,13,23140
B-IdKizAvaw,1459,12,565581
B-Idqf5A-le,2176,29,226898
B-Idwn0Dvf9,6587,64,112395
B-IDxSalpMs,254,9,12015
B-IdXwUHP5t,282,11,10877
B-Ie2_VAhNt,483,25,13668
B-Ie431DMdF,1395,22,23029
B-IeCnNAspm,7942,73,223564
B-IeDv9FLBe,1627,40,96101
B-IeOHQhAWl,217,22,14176
B-Ieu3VnMkB,14943,118,1474913
B-IevsAHdfZ,851,26,7590
B-IeVW4n1Nm,1730,23,55772
B-IeXjBpwmO,452,19,59026
B-If_mhldgH,532,60,8356
B-IF4exo211,993,35,30736
B-IF7hOB2gC,2868,23,536400
B-If9niHzUk,2702,28,22544
B-IFcXCAzQL,912,58,38860
B-IfHkvnJku,3598,15,654121
B-IfHQOBXge,17211,205,642020
B-IFK0VARzJ,158,6,12854
B-IfLhhBg56,214,7,4748
B-IfPpJinfS,120,10,6996
B-IfszepgrX,1749,41,9721
B-IfXwtJesX,291,10,159922
B-IFynShTMl,185,12,6954
B-IfZiWnioZ,348,16,9238
B-Ig0M2Ai_y,1845,34,8470
B-Ig2EflvNL,136,4,1359
B-Ig2Ufhnuh,242,3,3614
B-Ig7wHnqMV,132,13,9450
B-IG9bQJ_MK,323,29,11234
B-IG9VIpTQp,459,17,11234
B-IGdgvIdU4,1288,38,34997
B-IgEbgoNXc,12772,529,872967
B-IgOOqB1hh,377,42,6751
B-IgPmXh39C,315,27,3447
B-IgWBjAxLi,1014,12,50403
B-Igwe3n6a7,835,7,54144
B-Ih2uGgFqB,463,16,177817
B-IH54LJHGE,237,3,2483
B-IhaFzBLC0,475,19,10736
B-IhDJtATc-,556,14,14607
B-IHHvLg6qa,1356,15,7210
B-IHJq6A6AE,481,7,11957
B-IHn7rIAka,2907,32,317542
B-IhNH0lDqO,8583,66,154390
B-IhUfUnuQ8,700,19,2514
B-IhxplngT5,554,19,52237
B-Ii3tjh9jI,126,12,7925
B-Ii7ygnxfh,353,13,74676
B-Iico1jrJb,153,17,2834
B-IicQTgIGm,807,28,105572
B-IiEkbpwGU,1592,77,50810
B-IiFxhKrxd,232,12,3374
B-IigMrnZ9Z,1470,29,1418479
B-IIKRhh6jU,3288,32,81131
B-IixJ-JtMB,406,17,2432
B-IiXTwH32J,7262,70,198763
B-IiYT_BRDJ,156,1,7281
B-IiZb-nDlv,2953,46,420747
B-Ij-AfBuce,2344,138,932813
B-Ij4gtAEhg,2408,42,197687
B-IjbcantIF,543,13,96478
B-IjFbtA3cj,19092,253,275607
B-IjfvDpy08,128,9,2113
B-IjhS1hR83,12061,123,1258881
B-Iji2BgFAc,1025,33,171235
B-IjlreFGqI,1224,60,58969
B-IjnCnBhol,124,31,1161
B-Ijqglhrfl,1191,24,469329
B-IJrD3J2B9,585,27,769
B-IjS2jJGaN,451,7,130320
B-IjT2gh8Vl,366,22,1342
B-IjybRhU8r,196,12,29258
B-Ik_XXjX0e,8867,156,297522
B-Ik1SoFPzW,552,27,12251
B-Ik5LQDy81,616,34,111831
B-Ik9g-hphT,151,7,1628
B-Ik9V0HhTA,1235,19,32024
B-IkFZMH0Nd,3153,59,189463
B-Ikg-DpICM,532,53,49166
B-IKgc3jfjt,16574,177,588693
B-IkGKrlYSO,14241,138,818786
B-IkJNWjizd,2037,15,100313
B-Ikk2EFiCI,5451,29,811543
B-IkOOFJaKu,3377,30,872153
B-IkSk1hJUr,2329,15,86328
B-IKTveJ1Lc,656,16,6371
B-IkXmenqLL,286,17,28029
B-IKyQ2Hxcf,2145,34,12847
B-IlBjej8Re,7877,154,167647
B-IlcEDHiLH,4723,130,127415
B-IldD2FNcj,1614,10,533244
B-IlEFojEsL,1558,72,83752
B-IlhA-pE8z,132,8,8603
B-IlKGwBhZ3,1692,18,120665
B-IlLCSlFSg,2278,252,71047
B-IllvTgU3L,156,11,124216
B-ILMDvp3Up,2317,85,21604
B-IlODNBEVl,201,8,5009
B-IlQHdpHrg,351,19,5868
B-IlsA_p_zi,1983,46,69530
B-IlvaBJiRo,183,3,2980
B-IlwgdptdO,567,16,9331
B-IlYuzp8-9,214,107,4375
B-Im_LmJdW3,294,5,6000
B-Im7g5JmKn,919,47,15359
B-Im8B2A5Km,1716,24,20032
B-Im9YkjlPj,573,20,7559
B-Ima8WHSkJ,366,21,43446
B-Imb1NgyMq,10070,59,1289819
B-ImC3Wl7KX,130,7,2288
B-ImCwVB3Oh,744,8,37786
B-Iml7Zh_lL,383,20,78030
B-ImN_FpcaN,2633,35,1131506
B-ImOTeDvod,271,5,9392
B-Imq6Qn3w3,2618,12,227337
B-Imr9cndXX,311,13,11250
B-ImT0zJCmr,486,7,55485
B-IMvZ0l3Hl,176,5,6280
B-IMWCBpo_l,8690,93,542143
B-ImxTMHB-e,1254,10,232769
B-ImYRNHb-4,536,8,77841
B-ImZX7J2RG,474,17,143540
B-In3cwB14D,3404,46,221704
B-In5cSnS3C,369,5,120898
B-In5pAjkit,598,12,12548
B-INAnxjy6Y,3081,95,48728
B-InCqSAi_F,511,16,29582
B-IndNNFzNt,2847,266,20286
B-InLXUhybZ,670,58,83910
B-InmFVF-YH,2159,17,60406
B-InMOrhzq2,1406,39,3769
B-INoowpoYn,232,7,1161
B-InOXGHT4H,376,15,63434
B-InpBVJzzW,225,8,5692
B-InRUuji4u,286,14,16308
B-InSQ8gH3e,390,39,29741
B-InSTVnred,1766,65,61262
B-InuS6nXrt,175,2,5378
B-INvr2Fro5,238,5,731
B-InxDXBdLU,515,10,48393
B-IO3ejJ-wT,2604,41,203425
B-IOa-Nhowj,1734,30,19762
B-IOcZwqfgc,209,12,957
B-Iodt8FMZM,367,32,5710
B-IofJxBV_C,2619,44,95315
B-IohBSHDYY,2295,78,143520
B-IoHiDDb9P,1554,18,7813
B-IOJsmAufS,14629,72,225170
B-IoMDgA6ly,155,3,4744
B-IOolnqD-j,15397,163,626789
B-IOPiiK82T,1057,59,22828
B-IoPTRA7At,1381,17,47977
B-IoRtopCx7,1963,94,198994
B-IoVVnl_Ze,1264,7,177703
B-IoWthH8iK,166,8,6082
B-IozAOJlVw,642,10,22726
B-IP-TGAAsS,956,10,39767
B-Ip2O2JX3l,470,10,15155
B-IpiMVhfbr,191,4,17467
B-IpLJ7hQgp,455,2,298049
B-IpNGoAW3C,1461,35,19644
B-IpNljD9V9,339,10,107006
B-IpoSfFpXn,145,11,1748
B-IPr7GgTQU,669,21,15152
B-IPRe2pBTh,1304,24,508616
B-IPrGJhnWc,2987,55,194488
B-IprJ8FqHs,220,3,6861
B-IpvpxltSQ,237,0,39725
B-IPWd3KHRI,495,2,28897
B-IpwhuhkRP,288,134,12631
B-IpwqUnQJc,2657,23,323060
B-IPyWXF8fs,2176,14,159431
B-IPz3FgmqO,317,9,64590
B-IPZIOljj_,187,4,3342
B-IqhsiH45B,311,15,48504
B-IqJRIqc21,1492,15,164882
B-IqoEaAl_F,192,23,84438
B-IqRmRK-zF,1650,14,28042
B-IQs_hqit4,197,6,1494
B-IQs--I53W,311,11,3172
B-IqWeWFjS2,274,26,916
B-IqzYnnmns,364,7,107712
B-Ir1MDB-3t,292,168,12631
B-IR3aEB3Kb,621,14,311598
B-Ir632hhMV,224,21,215624
B-Ir6A8BgHV,596,17,97601
B-Ir6ZlgaEx,169,7,5472
B-IrDlvJUxy,151,39,1204
B-IRe6ij2iI,371,8,4075
B-IRfb3H84t,190,6,884
B-IrG0xHVKL,258,40,20334
B-IrHXMDXMO,257,10,34972
B-IrJCLjIU0,285,5,6562
B-IrnmxlZMc,3027,27,730244
B-IROvIDmq1,2482,58,60048
B-IrpmhJN7t,444,19,21966
B-IRsvkJ5sz,251,7,2998
B-Iru_pAs5D,850,13,36440
B-IrUzUnMdA,505,14,30999
B-IrytNnc8J,258,9,5622
B-IS5w6JXKy,538,38,8798
B-Is7fNHy17,333,5,6957
B-ISb2lJu1a,104,14,2050
B-ISbOXI-nE,335,5,13138
B-IsC4LHStf,459,0,143955
B-ISDLiFIBF,11637,104,150690
B-ISe95Cmuc,935,58,1808
B-IshbJl53S,261,7,3554
B-IsICoFZiU,439,17,29650
B-IsLTHh3Y3,640,12,25983
B-IsLWtlHU4,149,8,1707
B-IsM1bgaL6,889,15,104289
B-IsMoCHkIs,1941,30,87985
B-IsqikFoQo,233,27,46807
B-IsX79B2Hv,254,4,229836
B-ISyzCArfs,1839,117,20271
B-ISzIkINw2,189,1,1361
B-It0ttglvs,191,1,5681
B-IT8s2jniN,1774,16,46872
B-ItbUtHtq4,175,13,5852
B-ITDdwIpl_,1058,18,6970
B-Itg5JgGHd,379,37,9667
B-ItjiPAQ1z,786,21,117568
B-ItKFBBs5x,161,72,23266
B-ITMauic9p,353,16,7072
B-ItQe-n2ml,127,5,730
B-ItS7ghGcL,170,7,4845
B-ItTJanLEd,177,22,46098
B-ITv3wIzqp,844,18,22154
B-ITyGwnb6p,1986,27,108758
B-Itz6jprwm,215,6,74727
B-ItZsDl_7R,4833,121,598451
B-IU5o0C6A0,838,48,2165
B-IUc7UhZDr,133,68,1046
B-IUc81Ijk0,3742,107,75674
B-IUDOgHuMO,2104,47,64112
B-IuF_9pRoZ,1086,18,22868
B-IUiPmnxnm,131,25,1586
B-IuNbCp6-s,486,20,847919
B-Iv_PRpV-Z,411,18,8292
B-IV8ubl08K,1536,51,79418
B-IVd_Lp4D7,2670,81,116918
B-IVdE9FAr0,555,29,194828
B-IVkDdqu5H,4842,60,41150
B-IvMzZB4t_,1898,38,688804
B-IvNzwJJp0,510,5,6379
B-IVQxQAK4R,551,25,9532
B-IVR2nKb15,391,21,11820
B-IVrr0pESu,5533,45,583466
B-IVuS-pqum,1554,37,3600
B-IvzXgD8d1,621,14,60359
B-IW5XdpA6b,436,22,2478
B-IW5ZVgWPB,1204,49,27972
B-IWKsXAA0C,190,37,1574
B-IwrRbgsFP,158,4,5536
B-IWuSbpzlX,221,23,1260
B-IwZUYgvfc,2329,29,305954
B-IX0sigihE,412,8,65207
B-IXDPshFXa,580,30,49052
B-IXfk1AaNf,519,23,44416
B-IxnLDF7-z,484,3,13549
B-IXtb1pl6z,121,1,1835
B-IXTDZj9TW,216,7,1303
B-IXVb0DM1R,917,19,119190
B-IXX7jjxnt,7800,268,185024
B-IxylIl7I0,900,37,103402
B-IY27GHxuh,508,25,45571
B-IY2Bug2Hd,459,6,1217
B-IY4XrHRyO,161,32,3144
B-IYBN7JZcc,494,46,6122
B-IyEqIls0K,1107,24,3602
B-IyH0zoTWt,579,19,12898
B-IYhUuJClX,250,5,2493
B-IYKDICucT,137,20,10882
B-IYmOGIona,2990,16,762526
B-IYxM2l2CP,354,97,3058
B-IZ--Oh5SM,132,32,1136
B-Iz33Nl3PM,842,12,234021
B-IZAxSDb06,27513,92,1413134
B-IzBdKgO5_,208,15,9177
B-IZiaLDS-h,3476,26,401154
B-IZiftluCn,3390,24,1595435
B-IZoa6grBV,270,10,1410
B-IZyGMlocI,3203,14,533244
B-JA5kZBRgZ,133,3,2654
B-JAeoLAnhR,187,14,3349
B-JBCXLgwpB,163,7,310
B6z2vyVn2Vl,131,11,783
B7gJ945JrT1,154,9,856
B8_z_fdJW94,231,32,1270
B8tef3fn86p,178,17,1043
B9_-Y6iKqbd,1358,22,34334
B9_7-i8HJeA,806,3,15719
B9_dEY6Booc,214,3,8362
B9_jTJjh6yw,234,3,4296
B9_Nh3UB4S0,139,3,4296
B979WDJJAT9,202,10,3144
B98pjasDhVv,103,10,503
B9935Y7nUum,1893,9,1161
B99ei8TB3_0,1127,14,4988
B99mIP7HqYf,4368,29,167233
B99NOlIg0tw,876,8,10456
B99P7YUjHYu,173,19,1520
B9c-sVVBHQ5,96277,995,1065204
B9M_-rNg0Er,287,17,993
B9WejSrBIsL,277,22,302
B9wPREWhq0l,582,77,4534
B9Y_fqoHwUn,140,8,489
B9Y2fYmne_p,632,24,28161